	epitope	percentile
0	GILGFVFTL	100.0
1	NLVPMVATV	97.22222222222221
2	ELAGIGILTV	94.44444444444444
3	YLQPRTFLL	91.66666666666666
4	GLCTLVAML	88.88888888888889
5	CINGVCWTV	86.11111111111111
6	LLWNGPMAV	83.33333333333334
7	RLPGVLPRA	80.55555555555556
8	RTLNAWVKV	77.77777777777779
9	LLYDANYFL	75.0
10	ALSKGVHFV	72.22222222222221
11	SLYNTVATL	69.44444444444444
12	SLFNTVATLY	69.44444444444444
13	ALWEIQQVV	66.66666666666666
14	FLASKIGRLV	63.888888888888886
15	FLYALALLL	61.111111111111114
16	EAAGIGILTV	58.333333333333336
17	KLSALGINAV	55.55555555555556
18	LLDFVRFMGV	52.77777777777778
19	LLLDRLNQL	50.0
20	KLVAMGINAV	47.22222222222222
21	VMVELVAEL	47.22222222222222
22	KTWGQYWQV	44.44444444444444
23	WLLWPVTLA	44.44444444444444
24	IMDQVPFSV	41.66666666666667
25	TLNAWVKVV	41.66666666666667
26	MLDLQPETT	38.88888888888889
27	LLLEWLAMA	36.11111111111111
28	TLMNVLTLV	36.11111111111111
29	YLLEMLWRL	36.11111111111111
30	KVYPIILRL	33.33333333333333
31	IILVAVPHV	33.33333333333333
32	YILKYSVFL	30.555555555555557
33	ELAGIGLTV	30.555555555555557
34	MLGEQLFPL	30.555555555555557
35	FTVLCLTPV	30.555555555555557
36	FLAHIQWMV	30.555555555555557
37	AIFYLITPV	30.555555555555557
38	SLLRSLENV	27.77777777777778
39	VFLVLLPLV	27.77777777777778
40	RLGPVQNEV	27.77777777777778
41	SLLMWITQV	27.77777777777778
42	FLLNKEMYL	27.77777777777778
43	YLYALVYFL	27.77777777777778
44	TLWCSPIKV	25.0
45	RMFPNAPYL	25.0
46	YVWKSYVHV	25.0
47	FLGKIWPSHK	25.0
48	YVDNSSLTI	25.0
49	RQLLFVVEV	25.0
50	FLPRVFSAV	22.22222222222222
51	RIMTWLDMV	22.22222222222222
52	KINAWIKVV	22.22222222222222
53	KLQFTSLEI	22.22222222222222
54	KLSYGIATV	22.22222222222222
55	KLKDCVMYA	22.22222222222222
56	KVLEYVIKV	22.22222222222222
57	YLNDHLEPWI	19.444444444444446
58	YLFDESGEF	19.444444444444446
59	LLDDFVEII	19.444444444444446
60	RLSDFSEQL	19.444444444444446
61	LACFVLAAV	19.444444444444446
62	NVFAFPFTI	19.444444444444446
63	FLALCADSI	19.444444444444446
64	ILGFVFTLT	19.444444444444446
65	KLNEEIAII	19.444444444444446
66	LLNKHIDAY	19.444444444444446
67	KQIYKTPPI	19.444444444444446
68	ALTPVVVTL	16.666666666666664
69	TTIQTIVEV	16.666666666666664
70	YADVFHLYL	16.666666666666664
71	LPDDFMGCV	16.666666666666664
72	RLQSLQTYV	16.666666666666664
73	YLGGMSYYC	16.666666666666664
74	LMCQPILLL	16.666666666666664
75	TLMNVITLV	16.666666666666664
76	SMMILSDDA	16.666666666666664
77	FLNRFTTTL	16.666666666666664
78	TALALLLLD	13.88888888888889
79	FLHVTYVPA	13.88888888888889
80	ELTSMKYFV	13.88888888888889
81	MQVESDDYI	13.88888888888889
82	ALYGFVPVL	13.88888888888889
83	KITEHSWNA	13.88888888888889
84	VLSTFISAA	13.88888888888889
85	TLKNTVCTV	13.88888888888889
86	SLLMPILTL	13.88888888888889
87	VLAWLYAAV	13.88888888888889
88	MLAKALRKV	13.88888888888889
89	KLDGFMGRI	13.88888888888889
90	MMILSDDAV	13.88888888888889
91	SWMESEFRV	13.88888888888889
92	SLFNTVATL	13.88888888888889
93	FVCDNIKFA	13.88888888888889
94	YLEGSVRVV	13.88888888888889
95	AMFWSVPTV	13.88888888888889
96	ILFTRFFYV	13.88888888888889
97	FLVLLPLVS	13.88888888888889
98	TMADLVYAL	13.88888888888889
99	LLMPILTLT	11.11111111111111
100	ALDPHSGHFV	11.11111111111111
101	GLFKDCSKV	11.11111111111111
102	WLPTGTLLV	11.11111111111111
103	YQDVNCTEV	11.11111111111111
104	FSASTSAFV	11.11111111111111
105	HMTEVVRHC	11.11111111111111
106	RLANECAQV	11.11111111111111
107	GVYDYLVST	11.11111111111111
108	FLYNLLTRV	11.11111111111111
109	SMQNCVLKL	11.11111111111111
110	SLPGVFCGV	11.11111111111111
111	GVYALIAGA	11.11111111111111
112	GIIAMSAFA	11.11111111111111
113	AMQTMLFTM	11.11111111111111
114	LIDFYLCFL	11.11111111111111
115	ELYSPIFLI	11.11111111111111
116	YLEPGPVTA	11.11111111111111
117	VVMSWAPPV	11.11111111111111
118	KLNIKLLGV	11.11111111111111
119	ILAYCNKTV	11.11111111111111
120	GLMWLSYFI	11.11111111111111
121	RLNQLESKV	11.11111111111111
122	YTNSFTRGV	11.11111111111111
123	FAFACPDGV	11.11111111111111
124	ALLPGLPAA	11.11111111111111
125	TQWSLFFFL	11.11111111111111
126	GLALYYPSA	11.11111111111111
127	FVNEFYAYL	11.11111111111111
128	LLFLVLIML	11.11111111111111
129	GLVEVEKGV	8.333333333333332
130	VLLFLAFVV	8.333333333333332
131	VMYASAVVL	8.333333333333332
132	NLLKDCPAV	8.333333333333332
133	FTPLVPFWI	8.333333333333332
134	ITFDNLKTL	8.333333333333332
135	FLPFFSDVT	8.333333333333332
136	FVLAAVYRI	8.333333333333332
137	KDNVILLNK	8.333333333333332
138	MSAFAMMFV	8.333333333333332
139	MVTNNTFTL	8.333333333333332
140	CLEASFNYL	8.333333333333332
141	GLPWNVVRI	8.333333333333332
142	TLNDFNLVA	8.333333333333332
143	TILTSLLVL	8.333333333333332
144	YVDDSSLTI	8.333333333333332
145	FLLPSLATV	8.333333333333332
146	NTFSSTFNV	8.333333333333332
147	WLDMVDTSL	8.333333333333332
148	LMWLSYFIA	8.333333333333332
149	SLIYSTAAL	8.333333333333332
150	TIVEVQPQL	8.333333333333332
151	TLIVNSVLL	8.333333333333332
152	RLNQLESKM	8.333333333333332
153	GLIAIVMVT	8.333333333333332
154	KLPDDFTGCV	8.333333333333332
155	FLDGSCGSV	8.333333333333332
156	YIDIGNYTV	8.333333333333332
157	SVFNICQAV	8.333333333333332
158	AAGIGILTV	8.333333333333332
159	CLTPVYSFL	8.333333333333332
160	SLLSVLLSM	8.333333333333332
161	KLPDDFMGC	8.333333333333332
162	KQLSSNFGA	8.333333333333332
163	FKDNVILLN	8.333333333333332
164	HLLLVAAGL	8.333333333333332
165	YTACSHAAV	8.333333333333332
166	FIASNGVKLV	8.333333333333332
167	GLMWLSYFV	8.333333333333332
168	FLIYLDVSV	8.333333333333332
169	NLNCCSVPV	8.333333333333332
170	CLLGTYTQDV	8.333333333333332
171	MLNPNYEDL	8.333333333333332
172	AVASKILGL	8.333333333333332
173	YLDSTDVTI	8.333333333333332
174	AIILASFSA	8.333333333333332
175	LTYHGAIKL	8.333333333333332
176	KLYGLDWAEL	8.333333333333332
177	LLEWLAMAV	8.333333333333332
178	FLPFFSNVT	8.333333333333332
179	GGETALALL	8.333333333333332
180	ILLLDQALV	8.333333333333332
181	DNVILLNKH	8.333333333333332
182	YLEPGPVTV	8.333333333333332
183	SMDNSPNLA	5.555555555555555
184	YFLQSINFV	5.555555555555555
185	VLLSVLQQL	5.555555555555555
186	AIMTRCLAV	5.555555555555555
187	KLVALGINAV	5.555555555555555
188	ALVYFLQSI	5.555555555555555
189	ALSPVIPHI	5.555555555555555
190	KLASHMYCS	5.555555555555555
191	VLQAVGACV	5.555555555555555
192	SLENVAFNV	5.555555555555555
193	FLEYHDVRV	5.555555555555555
194	FLWLLWPVT	5.555555555555555
195	FISTCACEI	5.555555555555555
196	IITTDNTFV	5.555555555555555
197	SGGGETALA	5.555555555555555
198	STSAFVETV	5.555555555555555
199	ITDQVPFSV	5.555555555555555
200	GLNDNLLEI	5.555555555555555
201	QLEMELTPV	5.555555555555555
202	FLGIITTVA	5.555555555555555
203	YMRSLKVPA	5.555555555555555
204	RLVDPQIQL	5.555555555555555
205	FVVFLLVTL	5.555555555555555
206	YHGAIKLDD	5.555555555555555
207	KLFEFLVYGV	5.555555555555555
208	LMDYWQGQL	5.555555555555555
209	NMLRIMASL	5.555555555555555
210	LLSVCLGSL	5.555555555555555
211	ALNLGETFV	5.555555555555555
212	FLCLFLLPS	5.555555555555555
213	ALNNIINNA	5.555555555555555
214	TVYEKLKPV	5.555555555555555
215	VLSFCAFAV	5.555555555555555
216	FLPFAMGII	5.555555555555555
217	VLWAHGFEL	5.555555555555555
218	FMPDFDLHL	5.555555555555555
219	SACVLAAEC	5.555555555555555
220	SIVAYTMSL	5.555555555555555
221	IKLDDKDPQ	5.555555555555555
222	TLACFVLAA	5.555555555555555
223	FVSEETGTL	5.555555555555555
224	LDDKDPNFK	5.555555555555555
225	TLDSKTQSL	5.555555555555555
226	YIDIGDYTV	5.555555555555555
227	ELYHYQECV	5.555555555555555
228	RIMASLVLA	5.555555555555555
229	FVAAIFYLI	5.555555555555555
230	SQLGGLHLL	5.555555555555555
231	DLFMRIFTI	5.555555555555555
232	NMMWFQGQL	5.555555555555555
233	YTVELGTEV	5.555555555555555
234	GLLDEDFYA	5.555555555555555
235	QINDMILSL	5.555555555555555
236	SLYNTVATLY	5.555555555555555
237	TLLFLMSFT	5.555555555555555
238	NLSDRVVFV	5.555555555555555
239	AVGSYVYSV	5.555555555555555
240	MMDFFNAQM	5.555555555555555
241	TLSEQLDFI	5.555555555555555
242	QVVSDIDYV	5.555555555555555
243	QMAPISAMV	5.555555555555555
244	NTLQCIMLV	5.555555555555555
245	QVILLNKHI	5.555555555555555
246	NVLTLVYKV	5.555555555555555
247	CVMYASAVV	5.555555555555555
248	TVSCLPFTI	5.555555555555555
249	TMCDIRQLL	5.555555555555555
250	KMDYFSGQL	5.555555555555555
251	NLNESLIDL	5.555555555555555
252	LLTNMFTPL	5.555555555555555
253	KMVSLLSVL	5.555555555555555
254	VLGSLAATV	5.555555555555555
255	MLFTMLRKL	5.555555555555555
256	KLVNKFLAL	5.555555555555555
257	HGAIKLDDK	5.555555555555555
258	SMDWFQGQM	5.555555555555555
259	WLTNIFGTV	5.555555555555555
260	KIILFLALI	5.555555555555555
261	NLHPDSATL	5.555555555555555
262	ALYYPSARI	5.555555555555555
263	FLDEFMEGV	5.555555555555555
264	GLTVLPPLL	5.555555555555555
265	LDDKDPQFK	5.555555555555555
266	VLNDILSRL	5.555555555555555
267	FVMMSAPPA	5.555555555555555
268	IVDTVSALV	5.555555555555555
269	IKLDDKDPN	5.555555555555555
270	FLNKVVSTT	5.555555555555555
271	GDAALALLL	5.555555555555555
272	FVDGVPFVV	5.555555555555555
273	NVILLNKHI	5.555555555555555
274	YMHHMELPT	2.7777777777777777
275	LLDRLNQLE	2.7777777777777777
276	MLYQHLLPL	2.7777777777777777
277	LLWPVTLAC	2.7777777777777777
278	WLIVGVALL	2.7777777777777777
279	CISSCNPNL	2.7777777777777777
280	ALSGVFCGV	2.7777777777777777
281	LLLDDFVEI	2.7777777777777777
282	YVFCTVNAL	2.7777777777777777
283	VLLAPLLSA	2.7777777777777777
284	ALGIGILTV	2.7777777777777777
285	FLYENAFLP	2.7777777777777777
286	SFLPGVYSV	2.7777777777777777
287	IVNSVLLFL	2.7777777777777777
288	GVFCGVDAV	2.7777777777777777
289	RQWGPDPAAV	2.7777777777777777
290	VVFLHVTYV	2.7777777777777777
291	LLFGKPVYV	2.7777777777777777
292	GAIKLDDKD	2.7777777777777777
293	TLVFLFVAA	2.7777777777777777
294	SIIAYTMSL	2.7777777777777777
295	RILGAGCFV	2.7777777777777777
296	FVFLVLLPL	2.7777777777777777
297	IIFWFSLEL	2.7777777777777777
298	NLDYIINLI	2.7777777777777777
299	YQFGPDFPIA	2.7777777777777777
300	TLVPQEHYV	2.7777777777777777
301	SLPFGWLIV	2.7777777777777777
302	KVAELVHFL	2.7777777777777777
303	SLSSTASAL	2.7777777777777777
304	LMDMHNGQL	2.7777777777777777
305	RQFGPDFPTI	2.7777777777777777
306	FLGRYMSAL	2.7777777777777777
307	VLQVRDVLV	2.7777777777777777
308	WLMWLIINL	2.7777777777777777
309	SMLGIGIVPV	2.7777777777777777
310	TLEYMDWLV	2.7777777777777777
311	LLEDLDWDV	2.7777777777777777
312	LLFGYAVYV	2.7777777777777777
313	VTWFHAIHV	2.7777777777777777
314	ITSGWTFGA	2.7777777777777777
315	KVDGVDVEL	2.7777777777777777
316	ALWGPDPAAA	2.7777777777777777
317	YQVNGYPNM	2.7777777777777777
318	KLVALVINAV	2.7777777777777777
319	FMSEAKCWT	2.7777777777777777
320	FLEGETLPT	2.7777777777777777
321	ALQIPFAMQM	2.7777777777777777
322	YTNDKACPL	2.7777777777777777
323	AALPILFQV	2.7777777777777777
324	AIKLDDKDP	2.7777777777777777
325	ALLSDLQDL	2.7777777777777777
326	NMEYMTWDV	2.7777777777777777
327	KLIEYTDFA	2.7777777777777777
328	LLQCTQQAV	2.7777777777777777
329	MVWGPDPLYV	2.7777777777777777
330	VLSFELLHA	2.7777777777777777
331	TVYSHLLLV	2.7777777777777777
332	LGYGFVNYI	2.7777777777777777
333	TLNDLNETL	2.7777777777777777
334	VQMAPISAM	2.7777777777777777
335	ILCETCLIV	2.7777777777777777
336	ELAGIGALTV	2.7777777777777777
337	LMWLIINLV	2.7777777777777777
338	RLDKVEAEV	2.7777777777777777
339	FIASFRLFA	2.7777777777777777
340	RLLQCTQQAV	2.7777777777777777
341	YLGGPDFPTI	2.7777777777777777
342	KLSHQLVLL	2.7777777777777777
343	VMCGGSLYV	2.7777777777777777
344	IQPGQTFSV	2.7777777777777777
345	ALLADKFPV	2.7777777777777777
346	KDPQFKDNV	2.7777777777777777
347	LLLTILTSL	2.7777777777777777
348	TQMNLKYAI	2.7777777777777777
349	KISEMHPAL	2.7777777777777777
350	AQWGPDPAAA	2.7777777777777777
351	MQLFFSYFA	2.7777777777777777
352	KLDDKDPQF	2.7777777777777777
353	LLFLMSFTV	2.7777777777777777
354	TMDFYQGQL	2.7777777777777777
355	MLSDTLKNL	2.7777777777777777
356	FVFPLNSII	2.7777777777777777
357	FTISVTTEI	2.7777777777777777
358	CLGSLIYST	2.7777777777777777
359	PQFKDNVIL	2.7777777777777777
360	TLEELDWCL	2.7777777777777777
361	DPNFKDQVI	2.7777777777777777
362	MLWCKDGHV	2.7777777777777777
363	FLRDGWEIV	2.7777777777777777
364	SLLVLVQST	2.7777777777777777
365	TYHGAIKLD	2.7777777777777777
366	ALLLQLFTL	2.7777777777777777
367	LQNNELSPV	2.7777777777777777
368	KLEQLDWTV	2.7777777777777777
369	DKDPQFKDN	2.7777777777777777
370	ILTSLLVLV	2.7777777777777777
371	TGAIKLDDK	2.7777777777777777
372	LNKHIDAYK	2.7777777777777777
373	VLYENQKLI	2.7777777777777777
374	FMGVTYEM	2.7777777777777777
375	ALNTPKDHI	2.7777777777777777
376	ILAKFLHWL	2.7777777777777777
377	RQFGPDWIVA	2.7777777777777777
378	YLNSTNVTI	2.7777777777777777
379	YQDVDCTEV	2.7777777777777777
380	ILKEPVHGV	2.7777777777777777
381	ILPDPSKPS	2.7777777777777777
382	ILDQVPFSV	2.7777777777777777
383	KLDDKDPNF	2.7777777777777777
384	YMGVSYEM	2.7777777777777777
385	YASAVVLLI	2.7777777777777777
386	IMMNVAKYT	2.7777777777777777
387	KLTESLHKV	2.7777777777777777
388	GILEFVFTL	2.7777777777777777
389	LVFLFVAAI	2.7777777777777777
390	KMGVTYEM	2.7777777777777777
391	KLQCVDLHV	2.7777777777777777
392	SMWSFNPET	2.7777777777777777
393	AMAVMLLLL	2.7777777777777777
394	ELSLIDFYL	2.7777777777777777
395	CVNGSCFTV	2.7777777777777777
396	WLTYHGAIK	2.7777777777777777
397	TLGVLVPHV	2.7777777777777777
398	DRLNQLESK	2.7777777777777777
399	VLEEVDWLI	2.7777777777777777
400	RLFARTRSM	2.7777777777777777
401	VTLAILTAL	2.7777777777777777
402	DKDPNFKDQ	2.7777777777777777
403	KLEFMDWRL	2.7777777777777777
404	MLWGYLQYV	2.7777777777777777
405	NLDESLIDL	2.7777777777777777
406	FKDQVILLN	2.7777777777777777
407	ALLAVFQSA	2.7777777777777777
408	LLFGYPRYV	2.7777777777777777
409	TVLSFCAFA	2.7777777777777777
410	FGDDTVIEV	2.7777777777777777
411	KMFDAYVNT	2.7777777777777777
412	TTLNDFNLV	2.7777777777777777
413	SLFNTIAVL	2.7777777777777777
414	RLGEVRHPV	2.7777777777777777
415	SVLLFLAFV	2.7777777777777777
416	LLTILTSLL	2.7777777777777777
417	SMGVTYEM	2.7777777777777777
418	IFLWLLWPV	2.7777777777777777
419	MMFTSDLAT	2.7777777777777777
420	RLYLDAYNM	2.7777777777777777
421	GVYDGREHTV	2.7777777777777777
422	RLNEVAKNL	2.7777777777777777
423	AVIKTLQPV	2.7777777777777777
424	WVLALFDEV	2.7777777777777777
425	VLNGTVHPV	2.7777777777777777
426	SLYNTIATL	2.7777777777777777
427	YMGVVYEM	2.7777777777777777
428	SMWALIISV	2.7777777777777777
429	FLAFVVFLL	2.7777777777777777
430	LLFGFPVYV	2.7777777777777777
431	TWLTYTGAI	2.7777777777777777
432	LQLGFSTGV	2.7777777777777777
433	SLLMWITQC	2.7777777777777777
434	MMISAGFSL	2.7777777777777777
435	VINGDRWFL	2.7777777777777777
436	RMEQVDWTV	2.7777777777777777
437	ELAAIGILTV	2.7777777777777777
438	ETALALLLL	2.7777777777777777
439	KLMNIQQKL	2.7777777777777777
440	KLMPVCVET	2.7777777777777777
441	QLLFVVEVV	2.7777777777777777
442	VLCNSQTSL	2.7777777777777777
443	TLIGDCATV	2.7777777777777777
444	GMDYHNGHL	2.7777777777777777
445	LLIRWQHFL	2.7777777777777777
446	LQAENVTGL	2.7777777777777777
447	SLSKILDTV	2.7777777777777777
448	ALASCMGLI	2.7777777777777777
449	KLNVGDYFV	2.7777777777777777
450	HLRMAGHSL	2.7777777777777777
451	VLLSMQGAV	2.7777777777777777
452	AMMFTSDLA	2.7777777777777777
453	LDRLNQLES	2.7777777777777777
454	TMETIDWKV	2.7777777777777777
455	WLDNFELCL	2.7777777777777777
456	KLLKSIAAT	2.7777777777777777
457	EMMLFDWKV	2.7777777777777777
458	YLAVFDKNL	2.7777777777777777
459	RMDYNNMQM	2.7777777777777777
460	KLVSSFLEM	2.7777777777777777
461	NVEYYDIKL	2.7777777777777777
462	VMPLSAPTL	2.7777777777777777
463	LQAGNATEV	2.7777777777777777
464	RLDAMNGQL	2.7777777777777777
465	LLSAGIFGA	2.7777777777777777
466	KAYDVTQAF	2.7777777777777777
467	SIWNLDYII	2.7777777777777777
468	RLSFKELLV	2.7777777777777777
469	ILGLPTQTV	2.7777777777777777
470	VLDLFQGQL	2.7777777777777777
471	MASGGGETA	2.7777777777777777
