	epitope	percentile
0	GILGFVFTL	100.0
1	NLVPMVATV	97.22222222222221
2	GLCTLVAML	88.88888888888889
3	YLQPRTFLL	91.66666666666666
4	ELAGIGILTV	94.44444444444444
5	LLWNGPMAV	83.33333333333334
6	CINGVCWTV	86.11111111111111
7	LLYDANYFL	75.0
8	SLYNTVATL	69.44444444444444
9	ALSKGVHFV	72.22222222222221
10	FLYALALLL	61.111111111111114
11	RLPGVLPRA	80.55555555555556
12	AMFWSVPTV	13.88888888888889
13	SLFNTVATLY	69.44444444444444
14	YLEPGPVTV	8.333333333333332
15	ALWEIQQVV	66.66666666666666
16	RTLNAWVKV	77.77777777777779
17	YLLEMLWRL	36.11111111111111
18	EAAGIGILTV	58.333333333333336
19	FLYNLLTRV	11.11111111111111
20	KTWGQYWQV	44.44444444444444
21	FLASKIGRLV	63.888888888888886
22	IMDQVPFSV	41.66666666666667
23	YILKYSVFL	30.555555555555557
24	YLEPGPVTA	11.11111111111111
25	ELAGIGLTV	30.555555555555557
26	ALTPVVVTL	16.666666666666664
27	KLMNIQQKL	2.7777777777777777
28	LLLDRLNQL	50.0
29	KLSALGINAV	55.55555555555556
30	KLVAMGINAV	47.22222222222222
31	FLAHIQWMV	30.555555555555557
32	YVDNSSLTI	25.0
33	KINAWIKVV	22.22222222222222
34	WLPTGTLLV	11.11111111111111
35	KVLEYVIKV	22.22222222222222
36	KLQFTSLEI	22.22222222222222
37	SLLRSLENV	27.77777777777778
38	NLNCCSVPV	8.333333333333332
39	TLWCSPIKV	25.0
40	LLLEWLAMA	36.11111111111111
41	FLGKIWPSHK	25.0
42	FLVLLPLVS	13.88888888888889
43	VMVELVAEL	47.22222222222222
44	KLFEFLVYGV	5.555555555555555
45	YLFDESGEF	19.444444444444446
46	KLKDCVMYA	22.22222222222222
47	SLLMWITQC	2.7777777777777777
48	VFLVLLPLV	27.77777777777778
49	ALDPHSGHFV	11.11111111111111
50	KVYPIILRL	33.33333333333333
51	LLDFVRFMGV	52.77777777777778
52	MLDLQPETT	38.88888888888889
53	KLNEEIAII	19.444444444444446
54	KLASHMYCS	5.555555555555555
55	RLGPVQNEV	27.77777777777778
56	FTVLCLTPV	30.555555555555557
57	TLNAWVKVV	41.66666666666667
58	FLALCADSI	19.444444444444446
59	RMFPNAPYL	25.0
60	FLLNKEMYL	27.77777777777778
61	MLAKALRKV	13.88888888888889
62	LLSVCLGSL	5.555555555555555
63	MMILSDDAV	13.88888888888889
64	YLNDHLEPWI	19.444444444444446
65	VLAWLYAAV	13.88888888888889
66	FVCDNIKFA	13.88888888888889
67	AVGSYVYSV	5.555555555555555
68	ALNLGETFV	5.555555555555555
69	VLLSVLQQL	5.555555555555555
70	YLGGMSYYC	16.666666666666664
71	FMPDFDLHL	5.555555555555555
72	FLPRVFSAV	22.22222222222222
73	KLVALVINAV	2.7777777777777777
74	TLSEQLDFI	5.555555555555555
75	TALALLLLD	13.88888888888889
76	LLLDDFVEI	2.7777777777777777
77	KQLSSNFGA	8.333333333333332
78	WLTNIFGTV	5.555555555555555
79	QINDMILSL	5.555555555555555
80	FLYENAFLP	2.7777777777777777
81	TMADLVYAL	13.88888888888889
82	LLQCTQQAV	2.7777777777777777
83	AAGIGILTV	8.333333333333332
84	ALYGFVPVL	13.88888888888889
85	TQWSLFFFL	11.11111111111111
86	KISEMHPAL	2.7777777777777777
87	TLLFLMSFT	5.555555555555555
88	TLNDLNETL	2.7777777777777777
89	WLDMVDTSL	8.333333333333332
90	WVLALFDEV	2.7777777777777777
91	FTPLVPFWI	8.333333333333332
92	YQDVNCTEV	11.11111111111111
93	ILGFVFTLT	19.444444444444446
94	YHGAIKLDD	5.555555555555555
95	RLANECAQV	11.11111111111111
96	FLGIITTVA	5.555555555555555
97	FLLPSLATV	8.333333333333332
98	LLTNMFTPL	5.555555555555555
99	FVNEFYAYL	11.11111111111111
100	RLNQLESKM	8.333333333333332
101	TLKNTVCTV	13.88888888888889
102	ITDQVPFSV	5.555555555555555
103	SWMESEFRV	13.88888888888889
104	FLHVTYVPA	13.88888888888889
105	FLRDGWEIV	2.7777777777777777
106	CVNGSCFTV	2.7777777777777777
107	TIVEVQPQL	8.333333333333332
108	GLTVLPPLL	5.555555555555555
109	GGETALALL	8.333333333333332
110	SLLMWITQV	27.77777777777778
111	KLSYGIATV	22.22222222222222
112	VVFLHVTYV	2.7777777777777777
113	CLLGTYTQDV	8.333333333333332
114	LMCQPILLL	16.666666666666664
115	FSASTSAFV	11.11111111111111
116	RQLLFVVEV	25.0
117	ILAYCNKTV	11.11111111111111
118	QVILLNKHI	5.555555555555555
119	QVVSDIDYV	5.555555555555555
120	LLFLVLIML	11.11111111111111
121	SLPFGWLIV	2.7777777777777777
122	YLEGSVRVV	13.88888888888889
123	GLMWLSYFI	11.11111111111111
124	MLGEQLFPL	30.555555555555557
125	ILAKFLHWL	2.7777777777777777
126	TLIVNSVLL	8.333333333333332
127	HMTEVVRHC	11.11111111111111
128	YFLQSINFV	5.555555555555555
129	ALNTPKDHI	2.7777777777777777
130	KLVALGINAV	5.555555555555555
131	SLFNTVATL	13.88888888888889
132	GILEFVFTL	2.7777777777777777
133	ILDQVPFSV	2.7777777777777777
134	YIDIGNYTV	8.333333333333332
135	LLDDFVEII	19.444444444444446
136	FAFACPDGV	11.11111111111111
137	AMQTMLFTM	11.11111111111111
138	FLPFFSDVT	8.333333333333332
139	SMDNSPNLA	5.555555555555555
140	KLDGFMGRI	13.88888888888889
141	AVASKILGL	8.333333333333332
142	TTIQTIVEV	16.666666666666664
143	ELYHYQECV	5.555555555555555
144	NVFAFPFTI	19.444444444444446
145	VLGSLAATV	5.555555555555555
146	MLFTMLRKL	5.555555555555555
147	FLPFFSNVT	8.333333333333332
148	CISSCNPNL	2.7777777777777777
149	RLNQLESKV	11.11111111111111
150	RLQSLQTYV	16.666666666666664
151	KQIYKTPPI	19.444444444444446
152	YVFCTVNAL	2.7777777777777777
153	FLDEFMEGV	5.555555555555555
154	YADVFHLYL	16.666666666666664
155	GLPWNVVRI	8.333333333333332
156	STSAFVETV	5.555555555555555
157	VTWFHAIHV	2.7777777777777777
158	DKDPQFKDN	2.7777777777777777
159	LNKHIDAYK	2.7777777777777777
160	KLDDKDPNF	2.7777777777777777
161	GVYDYLVST	11.11111111111111
162	FMSEAKCWT	2.7777777777777777
163	IILVAVPHV	33.33333333333333
164	AVIKTLQPV	2.7777777777777777
165	RIMTWLDMV	22.22222222222222
166	SLENVAFNV	5.555555555555555
167	HGAIKLDDK	5.555555555555555
168	NVLTLVYKV	5.555555555555555
169	KLPDDFTGCV	8.333333333333332
